case_id,activity,timestamp,resource,lifecycle,work_id,artifact_id,detail
pdcolor:run:e2e:gertie-worker-real,01 Candidate persisted,2026-04-29T04:26:59.739@GMT,sys.bpmn.pd-color,complete,pdcolor:work:gertie-the-dinosaur-1914,pdcolor:run:e2e:gertie-worker-real,rights_review
pdcolor:run:e2e:gertie-worker-real-v2,01 Candidate persisted,2026-04-29T04:20:53.081@GMT,sys.bpmn.pd-color,complete,pdcolor:work:gertie-the-dinosaur-1914,pdcolor:run:e2e:gertie-worker-real-v2,rights_review
pdcolor:run:e2e:gertie-worker-real-v3b,01 Candidate persisted,2026-04-29T04:31:58.768@GMT,sys.bpmn.pd-color,complete,pdcolor:work:gertie-the-dinosaur-1914,pdcolor:run:e2e:gertie-worker-real-v3b,rights_review
pdcolor:run:e2e:gertie-worker-real-v3b,03 Derivatives ready,2026-04-29T04:32:23.734@GMT,sys.bpmn.pd-color,complete,pdcolor:work:gertie-the-dinosaur-1914,pdcolor:derivative:e2e:gertie-worker-real-v3b,dry_run_ready
pdcolor:run:e2e:gertie-worker-real-v5,01 Candidate persisted,2026-04-29T04:40:47.123@GMT,sys.bpmn.pd-color,complete,pdcolor:work:gertie-the-dinosaur-1914,pdcolor:run:e2e:gertie-worker-real-v5,rights_review
pdcolor:run:e2e:gertie-worker-real-v5,02 Rights approved,2026-04-29T04:40:48.302@GMT,did:web:pd-color.etzhayyim.com,complete,pdcolor:work:gertie-the-dinosaur-1914,pdcolor:rights:pdcolor:run:e2e:gertie-worker-real-v5,public-domain
pdcolor:run:e2e:gertie-worker-real-v5,03 Derivatives ready,2026-04-29T04:40:54.841@GMT,sys.bpmn.pd-color,complete,pdcolor:work:gertie-the-dinosaur-1914,pdcolor:derivative:e2e:gertie-worker-real-v5,dry_run_ready
pdcolor:run:e2e:gertie-worker-real-v5,04 Localization ready: en,2026-04-29T04:40:55.714@GMT,sys.bpmn.pd-color,complete,pdcolor:work:gertie-the-dinosaur-1914,pdcolor:localization:pdcolor:derivative:e2e:gertie-worker-real-v5:en,bafkreia27wujevsw6wvscq62d3cp5qxnfo3la2bud7jkncwt7ksjvxxoby
pdcolor:run:e2e:gertie-worker-real-v5,04 Localization ready: es,2026-04-29T04:40:55.714@GMT,sys.bpmn.pd-color,complete,pdcolor:work:gertie-the-dinosaur-1914,pdcolor:localization:pdcolor:derivative:e2e:gertie-worker-real-v5:es,bafkreia27wujevsw6wvscq62d3cp5qxnfo3la2bud7jkncwt7ksjvxxoby
pdcolor:run:e2e:gertie-worker-real-v5,04 Localization ready: fr,2026-04-29T04:40:55.714@GMT,sys.bpmn.pd-color,complete,pdcolor:work:gertie-the-dinosaur-1914,pdcolor:localization:pdcolor:derivative:e2e:gertie-worker-real-v5:fr,bafkreia27wujevsw6wvscq62d3cp5qxnfo3la2bud7jkncwt7ksjvxxoby
pdcolor:run:e2e:gertie-worker-real-v5,04 Localization ready: ja,2026-04-29T04:40:55.714@GMT,sys.bpmn.pd-color,complete,pdcolor:work:gertie-the-dinosaur-1914,pdcolor:localization:pdcolor:derivative:e2e:gertie-worker-real-v5:ja,bafkreia27wujevsw6wvscq62d3cp5qxnfo3la2bud7jkncwt7ksjvxxoby
pdcolor:run:e2e:gertie-worker-real-v5,04 Localization ready: ko,2026-04-29T04:40:55.714@GMT,sys.bpmn.pd-color,complete,pdcolor:work:gertie-the-dinosaur-1914,pdcolor:localization:pdcolor:derivative:e2e:gertie-worker-real-v5:ko,bafkreia27wujevsw6wvscq62d3cp5qxnfo3la2bud7jkncwt7ksjvxxoby
pdcolor:run:e2e:gertie-worker-real-v5,04 Localization ready: zh-Hans,2026-04-29T04:40:55.714@GMT,sys.bpmn.pd-color,complete,pdcolor:work:gertie-the-dinosaur-1914,pdcolor:localization:pdcolor:derivative:e2e:gertie-worker-real-v5:zh-Hans,bafkreia27wujevsw6wvscq62d3cp5qxnfo3la2bud7jkncwt7ksjvxxoby
pdcolor:run:process-event-smoke:1777446641,Restore frames,2026-04-29T07:10:42Z,sys.bpmn.pd-color,complete,pdcolor:work:gertie-the-dinosaur-1914,pdcolor:process-event:pdcolor:run:process-event-smoke:1777446641:Restore-frames:1777446642038,bafkreibkzxdiwsmkqjfo7s7hyizkpk4agdanqmde3mtofcbttylln7aeiq
pdcolor:run:publish:gertie-worker-real-v1,01 Candidate persisted,2026-04-29T04:50:25.24@GMT,sys.bpmn.pd-color,complete,pdcolor:work:gertie-the-dinosaur-1914,pdcolor:run:publish:gertie-worker-real-v1,rights_review
pdcolor:run:publish:gertie-worker-real-v1,02 Rights approved,2026-04-29T04:50:26.618@GMT,did:web:pd-color.etzhayyim.com,complete,pdcolor:work:gertie-the-dinosaur-1914,pdcolor:rights:pdcolor:run:publish:gertie-worker-real-v1,public-domain
pdcolor:run:publish:gertie-worker-real-v1,03 Derivatives ready,2026-04-29T04:55:00Z,sys.bpmn.pd-color,complete,pdcolor:work:gertie-the-dinosaur-1914,pdcolor:derivative:manual:publish-debug,ready_to_publish
pdcolor:run:publish:gertie-worker-real-v1,03 Derivatives ready,2026-04-29T05:00:43.651@GMT,sys.bpmn.pd-color,complete,pdcolor:work:gertie-the-dinosaur-1914,pdcolor:derivative:publish:gertie-worker-real-v1,ready_to_publish
pdcolor:run:publish:gertie-worker-real-v1,04 Localization ready: en,2026-04-29T05:00:43.697@GMT,sys.bpmn.pd-color,complete,pdcolor:work:gertie-the-dinosaur-1914,pdcolor:localization:pdcolor:derivative:publish:gertie-worker-real-v1:en,bafkreiae27vrhkmn3mp6lri37yk7imgjxrscibmsu5k6meyh7xinq5jozq
pdcolor:run:publish:gertie-worker-real-v1,04 Localization ready: es,2026-04-29T05:00:43.697@GMT,sys.bpmn.pd-color,complete,pdcolor:work:gertie-the-dinosaur-1914,pdcolor:localization:pdcolor:derivative:publish:gertie-worker-real-v1:es,bafkreiae27vrhkmn3mp6lri37yk7imgjxrscibmsu5k6meyh7xinq5jozq
pdcolor:run:publish:gertie-worker-real-v1,04 Localization ready: fr,2026-04-29T05:00:43.697@GMT,sys.bpmn.pd-color,complete,pdcolor:work:gertie-the-dinosaur-1914,pdcolor:localization:pdcolor:derivative:publish:gertie-worker-real-v1:fr,bafkreiae27vrhkmn3mp6lri37yk7imgjxrscibmsu5k6meyh7xinq5jozq
pdcolor:run:publish:gertie-worker-real-v1,04 Localization ready: ja,2026-04-29T05:00:43.697@GMT,sys.bpmn.pd-color,complete,pdcolor:work:gertie-the-dinosaur-1914,pdcolor:localization:pdcolor:derivative:publish:gertie-worker-real-v1:ja,bafkreiae27vrhkmn3mp6lri37yk7imgjxrscibmsu5k6meyh7xinq5jozq
pdcolor:run:publish:gertie-worker-real-v1,04 Localization ready: ko,2026-04-29T05:00:43.697@GMT,sys.bpmn.pd-color,complete,pdcolor:work:gertie-the-dinosaur-1914,pdcolor:localization:pdcolor:derivative:publish:gertie-worker-real-v1:ko,bafkreiae27vrhkmn3mp6lri37yk7imgjxrscibmsu5k6meyh7xinq5jozq
pdcolor:run:publish:gertie-worker-real-v1,04 Localization ready: zh-Hans,2026-04-29T05:00:43.697@GMT,sys.bpmn.pd-color,complete,pdcolor:work:gertie-the-dinosaur-1914,pdcolor:localization:pdcolor:derivative:publish:gertie-worker-real-v1:zh-Hans,bafkreiae27vrhkmn3mp6lri37yk7imgjxrscibmsu5k6meyh7xinq5jozq
pdcolor:run:publish:gertie-worker-real-v1,05 Published,2026-04-29T05:01:04.625@GMT,sys.bpmn.pd-color,complete,pdcolor:work:gertie-the-dinosaur-1914,pdcolor:publication:pdcolor:derivative:publish:gertie-worker-real-v1,
pdcolor:run:publish:gertie-worker-real-v2,01 Candidate persisted,2026-04-29T04:53:40.837@GMT,sys.bpmn.pd-color,complete,pdcolor:work:gertie-the-dinosaur-1914,pdcolor:run:publish:gertie-worker-real-v2,rights_review
pdcolor:run:publish:gertie-worker-real-v2,02 Rights approved,2026-04-29T04:53:41.173@GMT,did:web:pd-color.etzhayyim.com,complete,pdcolor:work:gertie-the-dinosaur-1914,pdcolor:rights:pdcolor:run:publish:gertie-worker-real-v2,public-domain
pdcolor:run:publish:gertie-worker-real-v2,03 Derivatives ready,2026-04-29T04:53:46.55@GMT,sys.bpmn.pd-color,complete,pdcolor:work:gertie-the-dinosaur-1914,pdcolor:derivative:publish:gertie-worker-real-v2,ready_to_publish
pdcolor:run:publish:gertie-worker-real-v2,04 Localization ready: en,2026-04-29T04:53:47.392@GMT,sys.bpmn.pd-color,complete,pdcolor:work:gertie-the-dinosaur-1914,pdcolor:localization:pdcolor:derivative:publish:gertie-worker-real-v2:en,bafkreibvkye3mymzqfu3xncczt3warpp2sxj2v2gsj4hmlfybkdmm3nzsi
pdcolor:run:publish:gertie-worker-real-v2,04 Localization ready: es,2026-04-29T04:53:47.392@GMT,sys.bpmn.pd-color,complete,pdcolor:work:gertie-the-dinosaur-1914,pdcolor:localization:pdcolor:derivative:publish:gertie-worker-real-v2:es,bafkreibvkye3mymzqfu3xncczt3warpp2sxj2v2gsj4hmlfybkdmm3nzsi
pdcolor:run:publish:gertie-worker-real-v2,04 Localization ready: fr,2026-04-29T04:53:47.392@GMT,sys.bpmn.pd-color,complete,pdcolor:work:gertie-the-dinosaur-1914,pdcolor:localization:pdcolor:derivative:publish:gertie-worker-real-v2:fr,bafkreibvkye3mymzqfu3xncczt3warpp2sxj2v2gsj4hmlfybkdmm3nzsi
pdcolor:run:publish:gertie-worker-real-v2,04 Localization ready: ja,2026-04-29T04:53:47.392@GMT,sys.bpmn.pd-color,complete,pdcolor:work:gertie-the-dinosaur-1914,pdcolor:localization:pdcolor:derivative:publish:gertie-worker-real-v2:ja,bafkreibvkye3mymzqfu3xncczt3warpp2sxj2v2gsj4hmlfybkdmm3nzsi
pdcolor:run:publish:gertie-worker-real-v2,04 Localization ready: ko,2026-04-29T04:53:47.392@GMT,sys.bpmn.pd-color,complete,pdcolor:work:gertie-the-dinosaur-1914,pdcolor:localization:pdcolor:derivative:publish:gertie-worker-real-v2:ko,bafkreibvkye3mymzqfu3xncczt3warpp2sxj2v2gsj4hmlfybkdmm3nzsi
pdcolor:run:publish:gertie-worker-real-v2,04 Localization ready: zh-Hans,2026-04-29T04:53:47.392@GMT,sys.bpmn.pd-color,complete,pdcolor:work:gertie-the-dinosaur-1914,pdcolor:localization:pdcolor:derivative:publish:gertie-worker-real-v2:zh-Hans,bafkreibvkye3mymzqfu3xncczt3warpp2sxj2v2gsj4hmlfybkdmm3nzsi
pdcolor:run:publish:gertie-worker-real-v2,05 Published,2026-04-29T04:53:48.266@GMT,sys.bpmn.pd-color,complete,pdcolor:work:gertie-the-dinosaur-1914,pdcolor:publication:pdcolor:derivative:publish:gertie-worker-real-v2,
pdcolor:run:publish:gertie-worker-real-v3,01 Candidate persisted,2026-04-29T05:00:35.598@GMT,sys.bpmn.pd-color,complete,pdcolor:work:gertie-the-dinosaur-1914,pdcolor:run:publish:gertie-worker-real-v3,rights_review
pdcolor:run:publish:gertie-worker-real-v3,02 Rights approved,2026-04-29T05:00:36.42@GMT,did:web:pd-color.etzhayyim.com,complete,pdcolor:work:gertie-the-dinosaur-1914,pdcolor:rights:pdcolor:run:publish:gertie-worker-real-v3,public-domain
pdcolor:run:publish:gertie-worker-real-v3,03 Derivatives ready,2026-04-29T05:00:41.467@GMT,sys.bpmn.pd-color,complete,pdcolor:work:gertie-the-dinosaur-1914,pdcolor:derivative:publish:gertie-worker-real-v3,ready_to_publish
pdcolor:run:publish:gertie-worker-real-v3,04 Localization ready: en,2026-04-29T05:00:42.207@GMT,sys.bpmn.pd-color,complete,pdcolor:work:gertie-the-dinosaur-1914,pdcolor:localization:pdcolor:derivative:publish:gertie-worker-real-v3:en,bafkreia7odtnk42ktpg64ekwuff3d3iuattc32ffossb6fcxha6jsy6shy
pdcolor:run:publish:gertie-worker-real-v3,04 Localization ready: ja,2026-04-29T05:00:42.207@GMT,sys.bpmn.pd-color,complete,pdcolor:work:gertie-the-dinosaur-1914,pdcolor:localization:pdcolor:derivative:publish:gertie-worker-real-v3:ja,bafkreia7odtnk42ktpg64ekwuff3d3iuattc32ffossb6fcxha6jsy6shy
pdcolor:run:publish:gertie-worker-real-v3,04 Localization ready: es,2026-04-29T05:00:42.208@GMT,sys.bpmn.pd-color,complete,pdcolor:work:gertie-the-dinosaur-1914,pdcolor:localization:pdcolor:derivative:publish:gertie-worker-real-v3:es,bafkreia7odtnk42ktpg64ekwuff3d3iuattc32ffossb6fcxha6jsy6shy
pdcolor:run:publish:gertie-worker-real-v3,04 Localization ready: fr,2026-04-29T05:00:42.208@GMT,sys.bpmn.pd-color,complete,pdcolor:work:gertie-the-dinosaur-1914,pdcolor:localization:pdcolor:derivative:publish:gertie-worker-real-v3:fr,bafkreia7odtnk42ktpg64ekwuff3d3iuattc32ffossb6fcxha6jsy6shy
pdcolor:run:publish:gertie-worker-real-v3,04 Localization ready: zh-Hans,2026-04-29T05:00:42.208@GMT,sys.bpmn.pd-color,complete,pdcolor:work:gertie-the-dinosaur-1914,pdcolor:localization:pdcolor:derivative:publish:gertie-worker-real-v3:zh-Hans,bafkreia7odtnk42ktpg64ekwuff3d3iuattc32ffossb6fcxha6jsy6shy
pdcolor:run:publish:gertie-worker-real-v3,04 Localization ready: ko,2026-04-29T05:00:42.209@GMT,sys.bpmn.pd-color,complete,pdcolor:work:gertie-the-dinosaur-1914,pdcolor:localization:pdcolor:derivative:publish:gertie-worker-real-v3:ko,bafkreia7odtnk42ktpg64ekwuff3d3iuattc32ffossb6fcxha6jsy6shy
pdcolor:run:publish:gertie-worker-real-v3,05 Published,2026-04-29T05:01:04.626@GMT,sys.bpmn.pd-color,complete,pdcolor:work:gertie-the-dinosaur-1914,pdcolor:publication:pdcolor:derivative:publish:gertie-worker-real-v3,
pdcolor:run:publish:gertie-worker-real-v4,01 Candidate persisted,2026-04-29T05:15:15.715@GMT,sys.bpmn.pd-color,complete,pdcolor:work:gertie-the-dinosaur-1914,pdcolor:run:publish:gertie-worker-real-v4,rights_review
pdcolor:run:publish:gertie-worker-real-v4,02 Rights approved,2026-04-29T05:15:16.494@GMT,did:web:pd-color.etzhayyim.com,complete,pdcolor:work:gertie-the-dinosaur-1914,pdcolor:rights:pdcolor:run:publish:gertie-worker-real-v4,public-domain
pdcolor:run:publish:gertie-worker-real-v5,01 Candidate persisted,2026-04-29T05:17:15.486@GMT,sys.bpmn.pd-color,complete,pdcolor:work:gertie-the-dinosaur-1914,pdcolor:run:publish:gertie-worker-real-v5,rights_review
pdcolor:run:publish:gertie-worker-real-v5,02 Rights approved,2026-04-29T05:17:15.539@GMT,did:web:pd-color.etzhayyim.com,complete,pdcolor:work:gertie-the-dinosaur-1914,pdcolor:rights:pdcolor:run:publish:gertie-worker-real-v5,public-domain
pdcolor:run:publish:gertie-worker-real-v5,03 Derivatives ready,2026-04-29T05:17:20.998@GMT,sys.bpmn.pd-color,complete,pdcolor:work:gertie-the-dinosaur-1914,pdcolor:derivative:publish:gertie-worker-real-v5,ready_to_publish
pdcolor:run:publish:gertie-worker-real-v5,04 Localization ready: en,2026-04-29T05:17:21.689@GMT,sys.bpmn.pd-color,complete,pdcolor:work:gertie-the-dinosaur-1914,pdcolor:localization:pdcolor:derivative:publish:gertie-worker-real-v5:en,bafkreihezlvem7sapboprnpkblrr5566da3gitsxyeavl2j4kiyxizrnnm
pdcolor:run:publish:gertie-worker-real-v5,04 Localization ready: es,2026-04-29T05:17:21.689@GMT,sys.bpmn.pd-color,complete,pdcolor:work:gertie-the-dinosaur-1914,pdcolor:localization:pdcolor:derivative:publish:gertie-worker-real-v5:es,bafkreihezlvem7sapboprnpkblrr5566da3gitsxyeavl2j4kiyxizrnnm
pdcolor:run:publish:gertie-worker-real-v5,04 Localization ready: fr,2026-04-29T05:17:21.689@GMT,sys.bpmn.pd-color,complete,pdcolor:work:gertie-the-dinosaur-1914,pdcolor:localization:pdcolor:derivative:publish:gertie-worker-real-v5:fr,bafkreihezlvem7sapboprnpkblrr5566da3gitsxyeavl2j4kiyxizrnnm
pdcolor:run:publish:gertie-worker-real-v5,04 Localization ready: ja,2026-04-29T05:17:21.689@GMT,sys.bpmn.pd-color,complete,pdcolor:work:gertie-the-dinosaur-1914,pdcolor:localization:pdcolor:derivative:publish:gertie-worker-real-v5:ja,bafkreihezlvem7sapboprnpkblrr5566da3gitsxyeavl2j4kiyxizrnnm
pdcolor:run:publish:gertie-worker-real-v5,04 Localization ready: ko,2026-04-29T05:17:21.689@GMT,sys.bpmn.pd-color,complete,pdcolor:work:gertie-the-dinosaur-1914,pdcolor:localization:pdcolor:derivative:publish:gertie-worker-real-v5:ko,bafkreihezlvem7sapboprnpkblrr5566da3gitsxyeavl2j4kiyxizrnnm
pdcolor:run:publish:gertie-worker-real-v5,04 Localization ready: zh-Hans,2026-04-29T05:17:21.689@GMT,sys.bpmn.pd-color,complete,pdcolor:work:gertie-the-dinosaur-1914,pdcolor:localization:pdcolor:derivative:publish:gertie-worker-real-v5:zh-Hans,bafkreihezlvem7sapboprnpkblrr5566da3gitsxyeavl2j4kiyxizrnnm
pdcolor:run:publish:gertie-worker-real-v6,01 Candidate persisted,2026-04-29T05:38:27.896@GMT,sys.bpmn.pd-color,complete,pdcolor:work:gertie-the-dinosaur-1914,pdcolor:run:publish:gertie-worker-real-v6,rights_review
pdcolor:run:publish:gertie-worker-real-v6,02 Rights approved,2026-04-29T05:38:28.687@GMT,did:web:pd-color.etzhayyim.com,complete,pdcolor:work:gertie-the-dinosaur-1914,pdcolor:rights:pdcolor:run:publish:gertie-worker-real-v6,public-domain
pdcolor:run:publish:gertie-worker-real-v6,03 Derivatives ready,2026-04-29T05:38:33.74@GMT,sys.bpmn.pd-color,complete,pdcolor:work:gertie-the-dinosaur-1914,pdcolor:derivative:publish:gertie-worker-real-v6,ready_to_publish
pdcolor:run:publish:gertie-worker-real-v6,04 Localization ready: en,2026-04-29T05:38:34.522@GMT,sys.bpmn.pd-color,complete,pdcolor:work:gertie-the-dinosaur-1914,pdcolor:localization:pdcolor:derivative:publish:gertie-worker-real-v6:en,bafkreifoyld7dyj7urialgcq357w5n6yhnrdveosspeukflcw6ablv2t6e
pdcolor:run:publish:gertie-worker-real-v6,04 Localization ready: es,2026-04-29T05:38:34.522@GMT,sys.bpmn.pd-color,complete,pdcolor:work:gertie-the-dinosaur-1914,pdcolor:localization:pdcolor:derivative:publish:gertie-worker-real-v6:es,bafkreifoyld7dyj7urialgcq357w5n6yhnrdveosspeukflcw6ablv2t6e
pdcolor:run:publish:gertie-worker-real-v6,04 Localization ready: fr,2026-04-29T05:38:34.522@GMT,sys.bpmn.pd-color,complete,pdcolor:work:gertie-the-dinosaur-1914,pdcolor:localization:pdcolor:derivative:publish:gertie-worker-real-v6:fr,bafkreifoyld7dyj7urialgcq357w5n6yhnrdveosspeukflcw6ablv2t6e
pdcolor:run:publish:gertie-worker-real-v6,04 Localization ready: ja,2026-04-29T05:38:34.522@GMT,sys.bpmn.pd-color,complete,pdcolor:work:gertie-the-dinosaur-1914,pdcolor:localization:pdcolor:derivative:publish:gertie-worker-real-v6:ja,bafkreifoyld7dyj7urialgcq357w5n6yhnrdveosspeukflcw6ablv2t6e
pdcolor:run:publish:gertie-worker-real-v6,04 Localization ready: ko,2026-04-29T05:38:34.522@GMT,sys.bpmn.pd-color,complete,pdcolor:work:gertie-the-dinosaur-1914,pdcolor:localization:pdcolor:derivative:publish:gertie-worker-real-v6:ko,bafkreifoyld7dyj7urialgcq357w5n6yhnrdveosspeukflcw6ablv2t6e
pdcolor:run:publish:gertie-worker-real-v6,04 Localization ready: zh-Hans,2026-04-29T05:38:34.522@GMT,sys.bpmn.pd-color,complete,pdcolor:work:gertie-the-dinosaur-1914,pdcolor:localization:pdcolor:derivative:publish:gertie-worker-real-v6:zh-Hans,bafkreifoyld7dyj7urialgcq357w5n6yhnrdveosspeukflcw6ablv2t6e
pdcolor:run:publish:gertie-worker-real-v6,05 Published,2026-04-29T05:38:35.431@GMT,sys.bpmn.pd-color,complete,pdcolor:work:gertie-the-dinosaur-1914,pdcolor:publication:pdcolor:derivative:publish:gertie-worker-real-v6,3mkmf36owkk2m
pdcolor:run:smoke:v7:1777444752,01 Candidate persisted,2026-04-29T06:39:14.821@GMT,sys.bpmn.pd-color,complete,pdcolor:work:gertie-the-dinosaur-1914,pdcolor:run:smoke:v7:1777444752,rights_review
pdcolor:run:smoke:worker-real-db,01 Candidate persisted,2026-04-29T04:03:04Z,sys.bpmn.pd-color-smoke,complete,pdcolor:work:gertie-the-dinosaur-1914,pdcolor:run:smoke:worker-real-db,smoke_ready
