id,locale,cluster,intent,query,page_type,source_market,priority,notes
kw-0001,ja,c-segment-sedan,spec,"Toyota Corolla スペック",spec,japan,p1,canonical-source
kw-0002,ja,c-segment-sedan,review,"Toyota Corolla レビュー",review,japan,p1,canonical-source
kw-0003,ja,c-segment-sedan,compare,"Toyota Corolla 比較",compare,japan,p1,canonical-source
kw-0004,ja,c-segment-sedan,ownership,"Toyota Corolla 維持費",ownership,japan,p1,canonical-source
kw-0005,ja,hybrid,spec,"Toyota Prius スペック",spec,japan,p1,canonical-source
kw-0006,ja,hybrid,review,"Toyota Prius レビュー",review,japan,p1,canonical-source
kw-0007,ja,hybrid,compare,"Toyota Prius 比較",compare,japan,p1,canonical-source
kw-0008,ja,hybrid,ownership,"Toyota Prius 維持費",ownership,japan,p1,canonical-source
kw-0009,ja,minivan,spec,"Toyota Alphard スペック",spec,japan,p1,canonical-source
kw-0010,ja,minivan,review,"Toyota Alphard レビュー",review,japan,p1,canonical-source
kw-0011,ja,minivan,compare,"Toyota Alphard 比較",compare,japan,p1,canonical-source
kw-0012,ja,minivan,ownership,"Toyota Alphard 維持費",ownership,japan,p1,canonical-source
kw-0013,ja,suv-offroad,spec,"Toyota Land Cruiser スペック",spec,japan,p1,canonical-source
kw-0014,ja,suv-offroad,review,"Toyota Land Cruiser レビュー",review,japan,p1,canonical-source
kw-0015,ja,suv-offroad,compare,"Toyota Land Cruiser 比較",compare,japan,p1,canonical-source
kw-0016,ja,suv-offroad,ownership,"Toyota Land Cruiser 維持費",ownership,japan,p1,canonical-source
kw-0017,ja,c-segment-sedan,spec,"Honda Civic スペック",spec,japan,p1,canonical-source
kw-0018,ja,c-segment-sedan,review,"Honda Civic レビュー",review,japan,p1,canonical-source
kw-0019,ja,c-segment-sedan,compare,"Honda Civic 比較",compare,japan,p1,canonical-source
kw-0020,ja,c-segment-sedan,ownership,"Honda Civic 維持費",ownership,japan,p1,canonical-source
kw-0021,ja,kei,spec,"Honda N-Box スペック",spec,japan,p1,canonical-source
kw-0022,ja,kei,review,"Honda N-Box レビュー",review,japan,p1,canonical-source
kw-0023,ja,kei,compare,"Honda N-Box 比較",compare,japan,p1,canonical-source
kw-0024,ja,kei,ownership,"Honda N-Box 維持費",ownership,japan,p1,canonical-source
kw-0025,ja,minivan,spec,"Honda Stepwgn スペック",spec,japan,p1,canonical-source
kw-0026,ja,minivan,review,"Honda Stepwgn レビュー",review,japan,p1,canonical-source
kw-0027,ja,minivan,compare,"Honda Stepwgn 比較",compare,japan,p1,canonical-source
kw-0028,ja,minivan,ownership,"Honda Stepwgn 維持費",ownership,japan,p1,canonical-source
kw-0029,ja,minivan,spec,"Nissan Serena スペック",spec,japan,p1,canonical-source
kw-0030,ja,minivan,review,"Nissan Serena レビュー",review,japan,p1,canonical-source
kw-0031,ja,minivan,compare,"Nissan Serena 比較",compare,japan,p1,canonical-source
kw-0032,ja,minivan,ownership,"Nissan Serena 維持費",ownership,japan,p1,canonical-source
kw-0033,ja,suv,spec,"Nissan X-Trail スペック",spec,japan,p1,canonical-source
kw-0034,ja,suv,review,"Nissan X-Trail レビュー",review,japan,p1,canonical-source
kw-0035,ja,suv,compare,"Nissan X-Trail 比較",compare,japan,p1,canonical-source
kw-0036,ja,suv,ownership,"Nissan X-Trail 維持費",ownership,japan,p1,canonical-source
kw-0037,ja,suv,spec,"Mazda CX-5 スペック",spec,japan,p1,canonical-source
kw-0038,ja,suv,review,"Mazda CX-5 レビュー",review,japan,p1,canonical-source
kw-0039,ja,suv,compare,"Mazda CX-5 比較",compare,japan,p1,canonical-source
kw-0040,ja,suv,ownership,"Mazda CX-5 維持費",ownership,japan,p1,canonical-source
kw-0041,ja,suv-awd,spec,"Subaru Forester スペック",spec,japan,p1,canonical-source
kw-0042,ja,suv-awd,review,"Subaru Forester レビュー",review,japan,p1,canonical-source
kw-0043,ja,suv-awd,compare,"Subaru Forester 比較",compare,japan,p1,canonical-source
kw-0044,ja,suv-awd,ownership,"Subaru Forester 維持費",ownership,japan,p1,canonical-source
kw-0045,ja,kei-offroad,spec,"Suzuki Jimny スペック",spec,japan,p1,canonical-source
kw-0046,ja,kei-offroad,review,"Suzuki Jimny レビュー",review,japan,p1,canonical-source
kw-0047,ja,kei-offroad,compare,"Suzuki Jimny 比較",compare,japan,p1,canonical-source
kw-0048,ja,kei-offroad,ownership,"Suzuki Jimny 維持費",ownership,japan,p1,canonical-source
kw-0049,ja,minivan-awd,spec,"Mitsubishi Delica D:5 スペック",spec,japan,p1,canonical-source
kw-0050,ja,minivan-awd,review,"Mitsubishi Delica D:5 レビュー",review,japan,p1,canonical-source
kw-0051,ja,minivan-awd,compare,"Mitsubishi Delica D:5 比較",compare,japan,p1,canonical-source
kw-0052,ja,minivan-awd,ownership,"Mitsubishi Delica D:5 維持費",ownership,japan,p1,canonical-source
kw-0053,ja,luxury-suv,spec,"Lexus RX スペック",spec,japan,p1,canonical-source
kw-0054,ja,luxury-suv,review,"Lexus RX レビュー",review,japan,p1,canonical-source
kw-0055,ja,luxury-suv,compare,"Lexus RX 比較",compare,japan,p1,canonical-source
kw-0056,ja,luxury-suv,ownership,"Lexus RX 維持費",ownership,japan,p1,canonical-source
kw-0057,ja,luxury-suv,spec,"Lexus NX スペック",spec,japan,p1,canonical-source
kw-0058,ja,luxury-suv,review,"Lexus NX レビュー",review,japan,p1,canonical-source
kw-0059,ja,luxury-suv,compare,"Lexus NX 比較",compare,japan,p1,canonical-source
kw-0060,ja,luxury-suv,ownership,"Lexus NX 維持費",ownership,japan,p1,canonical-source
kw-0061,ja,van,spec,"Toyota HiAce スペック",spec,japan,p1,canonical-source
kw-0062,ja,van,review,"Toyota HiAce レビュー",review,japan,p1,canonical-source
kw-0063,ja,van,compare,"Toyota HiAce 比較",compare,japan,p1,canonical-source
kw-0064,ja,van,ownership,"Toyota HiAce 維持費",ownership,japan,p1,canonical-source
kw-0065,en,c-segment-sedan,spec,"Toyota Corolla specs",spec,japan,p1,localized-from-ja-with-market-notes
kw-0066,en,c-segment-sedan,review,"Toyota Corolla review",review,japan,p1,localized-from-ja-with-market-notes
kw-0067,en,c-segment-sedan,compare,"Toyota Corolla vs competitors",compare,japan,p1,localized-from-ja-with-market-notes
kw-0068,en,c-segment-sedan,ownership,"Toyota Corolla ownership cost",ownership,japan,p1,localized-from-ja-with-market-notes
kw-0069,en,hybrid,spec,"Toyota Prius specs",spec,japan,p1,localized-from-ja-with-market-notes
kw-0070,en,hybrid,review,"Toyota Prius review",review,japan,p1,localized-from-ja-with-market-notes
kw-0071,en,hybrid,compare,"Toyota Prius vs competitors",compare,japan,p1,localized-from-ja-with-market-notes
kw-0072,en,hybrid,ownership,"Toyota Prius ownership cost",ownership,japan,p1,localized-from-ja-with-market-notes
kw-0073,en,minivan,spec,"Toyota Alphard specs",spec,japan,p1,localized-from-ja-with-market-notes
kw-0074,en,minivan,review,"Toyota Alphard review",review,japan,p1,localized-from-ja-with-market-notes
kw-0075,en,minivan,compare,"Toyota Alphard vs competitors",compare,japan,p1,localized-from-ja-with-market-notes
kw-0076,en,minivan,ownership,"Toyota Alphard ownership cost",ownership,japan,p1,localized-from-ja-with-market-notes
kw-0077,en,suv-offroad,spec,"Toyota Land Cruiser specs",spec,japan,p1,localized-from-ja-with-market-notes
kw-0078,en,suv-offroad,review,"Toyota Land Cruiser review",review,japan,p1,localized-from-ja-with-market-notes
kw-0079,en,suv-offroad,compare,"Toyota Land Cruiser vs competitors",compare,japan,p1,localized-from-ja-with-market-notes
kw-0080,en,suv-offroad,ownership,"Toyota Land Cruiser ownership cost",ownership,japan,p1,localized-from-ja-with-market-notes
kw-0081,en,c-segment-sedan,spec,"Honda Civic specs",spec,japan,p1,localized-from-ja-with-market-notes
kw-0082,en,c-segment-sedan,review,"Honda Civic review",review,japan,p1,localized-from-ja-with-market-notes
kw-0083,en,c-segment-sedan,compare,"Honda Civic vs competitors",compare,japan,p1,localized-from-ja-with-market-notes
kw-0084,en,c-segment-sedan,ownership,"Honda Civic ownership cost",ownership,japan,p1,localized-from-ja-with-market-notes
kw-0085,en,kei,spec,"Honda N-Box specs",spec,japan,p1,localized-from-ja-with-market-notes
kw-0086,en,kei,review,"Honda N-Box review",review,japan,p1,localized-from-ja-with-market-notes
kw-0087,en,kei,compare,"Honda N-Box vs competitors",compare,japan,p1,localized-from-ja-with-market-notes
kw-0088,en,kei,ownership,"Honda N-Box ownership cost",ownership,japan,p1,localized-from-ja-with-market-notes
kw-0089,en,minivan,spec,"Honda Stepwgn specs",spec,japan,p1,localized-from-ja-with-market-notes
kw-0090,en,minivan,review,"Honda Stepwgn review",review,japan,p1,localized-from-ja-with-market-notes
kw-0091,en,minivan,compare,"Honda Stepwgn vs competitors",compare,japan,p1,localized-from-ja-with-market-notes
kw-0092,en,minivan,ownership,"Honda Stepwgn ownership cost",ownership,japan,p1,localized-from-ja-with-market-notes
kw-0093,en,minivan,spec,"Nissan Serena specs",spec,japan,p1,localized-from-ja-with-market-notes
kw-0094,en,minivan,review,"Nissan Serena review",review,japan,p1,localized-from-ja-with-market-notes
kw-0095,en,minivan,compare,"Nissan Serena vs competitors",compare,japan,p1,localized-from-ja-with-market-notes
kw-0096,en,minivan,ownership,"Nissan Serena ownership cost",ownership,japan,p1,localized-from-ja-with-market-notes
kw-0097,en,suv,spec,"Nissan X-Trail specs",spec,japan,p1,localized-from-ja-with-market-notes
kw-0098,en,suv,review,"Nissan X-Trail review",review,japan,p1,localized-from-ja-with-market-notes
kw-0099,en,suv,compare,"Nissan X-Trail vs competitors",compare,japan,p1,localized-from-ja-with-market-notes
kw-0100,en,suv,ownership,"Nissan X-Trail ownership cost",ownership,japan,p1,localized-from-ja-with-market-notes
kw-0101,en,suv,spec,"Mazda CX-5 specs",spec,japan,p1,localized-from-ja-with-market-notes
kw-0102,en,suv,review,"Mazda CX-5 review",review,japan,p1,localized-from-ja-with-market-notes
kw-0103,en,suv,compare,"Mazda CX-5 vs competitors",compare,japan,p1,localized-from-ja-with-market-notes
kw-0104,en,suv,ownership,"Mazda CX-5 ownership cost",ownership,japan,p1,localized-from-ja-with-market-notes
kw-0105,en,suv-awd,spec,"Subaru Forester specs",spec,japan,p1,localized-from-ja-with-market-notes
kw-0106,en,suv-awd,review,"Subaru Forester review",review,japan,p1,localized-from-ja-with-market-notes
kw-0107,en,suv-awd,compare,"Subaru Forester vs competitors",compare,japan,p1,localized-from-ja-with-market-notes
kw-0108,en,suv-awd,ownership,"Subaru Forester ownership cost",ownership,japan,p1,localized-from-ja-with-market-notes
kw-0109,en,kei-offroad,spec,"Suzuki Jimny specs",spec,japan,p1,localized-from-ja-with-market-notes
kw-0110,en,kei-offroad,review,"Suzuki Jimny review",review,japan,p1,localized-from-ja-with-market-notes
kw-0111,en,kei-offroad,compare,"Suzuki Jimny vs competitors",compare,japan,p1,localized-from-ja-with-market-notes
kw-0112,en,kei-offroad,ownership,"Suzuki Jimny ownership cost",ownership,japan,p1,localized-from-ja-with-market-notes
kw-0113,en,minivan-awd,spec,"Mitsubishi Delica D:5 specs",spec,japan,p1,localized-from-ja-with-market-notes
kw-0114,en,minivan-awd,review,"Mitsubishi Delica D:5 review",review,japan,p1,localized-from-ja-with-market-notes
kw-0115,en,minivan-awd,compare,"Mitsubishi Delica D:5 vs competitors",compare,japan,p1,localized-from-ja-with-market-notes
kw-0116,en,minivan-awd,ownership,"Mitsubishi Delica D:5 ownership cost",ownership,japan,p1,localized-from-ja-with-market-notes
kw-0117,en,luxury-suv,spec,"Lexus RX specs",spec,japan,p1,localized-from-ja-with-market-notes
kw-0118,en,luxury-suv,review,"Lexus RX review",review,japan,p1,localized-from-ja-with-market-notes
kw-0119,en,luxury-suv,compare,"Lexus RX vs competitors",compare,japan,p1,localized-from-ja-with-market-notes
kw-0120,en,luxury-suv,ownership,"Lexus RX ownership cost",ownership,japan,p1,localized-from-ja-with-market-notes
kw-0121,en,luxury-suv,spec,"Lexus NX specs",spec,japan,p1,localized-from-ja-with-market-notes
kw-0122,en,luxury-suv,review,"Lexus NX review",review,japan,p1,localized-from-ja-with-market-notes
kw-0123,en,luxury-suv,compare,"Lexus NX vs competitors",compare,japan,p1,localized-from-ja-with-market-notes
kw-0124,en,luxury-suv,ownership,"Lexus NX ownership cost",ownership,japan,p1,localized-from-ja-with-market-notes
kw-0125,en,van,spec,"Toyota HiAce specs",spec,japan,p1,localized-from-ja-with-market-notes
kw-0126,en,van,review,"Toyota HiAce review",review,japan,p1,localized-from-ja-with-market-notes
kw-0127,en,van,compare,"Toyota HiAce vs competitors",compare,japan,p1,localized-from-ja-with-market-notes
kw-0128,en,van,ownership,"Toyota HiAce ownership cost",ownership,japan,p1,localized-from-ja-with-market-notes
kw-0129,es,c-segment-sedan,spec,"especificaciones Toyota Corolla",spec,japan,p2,localized-from-ja-with-market-notes
kw-0130,es,c-segment-sedan,review,"reseña Toyota Corolla",review,japan,p2,localized-from-ja-with-market-notes
kw-0131,es,c-segment-sedan,compare,"Toyota Corolla vs competidores",compare,japan,p2,localized-from-ja-with-market-notes
kw-0132,es,c-segment-sedan,ownership,"costo de mantenimiento Toyota Corolla",ownership,japan,p2,localized-from-ja-with-market-notes
kw-0133,es,hybrid,spec,"especificaciones Toyota Prius",spec,japan,p2,localized-from-ja-with-market-notes
kw-0134,es,hybrid,review,"reseña Toyota Prius",review,japan,p2,localized-from-ja-with-market-notes
kw-0135,es,hybrid,compare,"Toyota Prius vs competidores",compare,japan,p2,localized-from-ja-with-market-notes
kw-0136,es,hybrid,ownership,"costo de mantenimiento Toyota Prius",ownership,japan,p2,localized-from-ja-with-market-notes
kw-0137,es,minivan,spec,"especificaciones Toyota Alphard",spec,japan,p2,localized-from-ja-with-market-notes
kw-0138,es,minivan,review,"reseña Toyota Alphard",review,japan,p2,localized-from-ja-with-market-notes
kw-0139,es,minivan,compare,"Toyota Alphard vs competidores",compare,japan,p2,localized-from-ja-with-market-notes
kw-0140,es,minivan,ownership,"costo de mantenimiento Toyota Alphard",ownership,japan,p2,localized-from-ja-with-market-notes
kw-0141,es,suv-offroad,spec,"especificaciones Toyota Land Cruiser",spec,japan,p2,localized-from-ja-with-market-notes
kw-0142,es,suv-offroad,review,"reseña Toyota Land Cruiser",review,japan,p2,localized-from-ja-with-market-notes
kw-0143,es,suv-offroad,compare,"Toyota Land Cruiser vs competidores",compare,japan,p2,localized-from-ja-with-market-notes
kw-0144,es,suv-offroad,ownership,"costo de mantenimiento Toyota Land Cruiser",ownership,japan,p2,localized-from-ja-with-market-notes
kw-0145,es,c-segment-sedan,spec,"especificaciones Honda Civic",spec,japan,p2,localized-from-ja-with-market-notes
kw-0146,es,c-segment-sedan,review,"reseña Honda Civic",review,japan,p2,localized-from-ja-with-market-notes
kw-0147,es,c-segment-sedan,compare,"Honda Civic vs competidores",compare,japan,p2,localized-from-ja-with-market-notes
kw-0148,es,c-segment-sedan,ownership,"costo de mantenimiento Honda Civic",ownership,japan,p2,localized-from-ja-with-market-notes
kw-0149,es,kei,spec,"especificaciones Honda N-Box",spec,japan,p2,localized-from-ja-with-market-notes
kw-0150,es,kei,review,"reseña Honda N-Box",review,japan,p2,localized-from-ja-with-market-notes
kw-0151,es,kei,compare,"Honda N-Box vs competidores",compare,japan,p2,localized-from-ja-with-market-notes
kw-0152,es,kei,ownership,"costo de mantenimiento Honda N-Box",ownership,japan,p2,localized-from-ja-with-market-notes
kw-0153,es,minivan,spec,"especificaciones Honda Stepwgn",spec,japan,p2,localized-from-ja-with-market-notes
kw-0154,es,minivan,review,"reseña Honda Stepwgn",review,japan,p2,localized-from-ja-with-market-notes
kw-0155,es,minivan,compare,"Honda Stepwgn vs competidores",compare,japan,p2,localized-from-ja-with-market-notes
kw-0156,es,minivan,ownership,"costo de mantenimiento Honda Stepwgn",ownership,japan,p2,localized-from-ja-with-market-notes
kw-0157,es,minivan,spec,"especificaciones Nissan Serena",spec,japan,p2,localized-from-ja-with-market-notes
kw-0158,es,minivan,review,"reseña Nissan Serena",review,japan,p2,localized-from-ja-with-market-notes
kw-0159,es,minivan,compare,"Nissan Serena vs competidores",compare,japan,p2,localized-from-ja-with-market-notes
kw-0160,es,minivan,ownership,"costo de mantenimiento Nissan Serena",ownership,japan,p2,localized-from-ja-with-market-notes
kw-0161,es,suv,spec,"especificaciones Nissan X-Trail",spec,japan,p2,localized-from-ja-with-market-notes
kw-0162,es,suv,review,"reseña Nissan X-Trail",review,japan,p2,localized-from-ja-with-market-notes
kw-0163,es,suv,compare,"Nissan X-Trail vs competidores",compare,japan,p2,localized-from-ja-with-market-notes
kw-0164,es,suv,ownership,"costo de mantenimiento Nissan X-Trail",ownership,japan,p2,localized-from-ja-with-market-notes
kw-0165,es,suv,spec,"especificaciones Mazda CX-5",spec,japan,p2,localized-from-ja-with-market-notes
kw-0166,es,suv,review,"reseña Mazda CX-5",review,japan,p2,localized-from-ja-with-market-notes
kw-0167,es,suv,compare,"Mazda CX-5 vs competidores",compare,japan,p2,localized-from-ja-with-market-notes
kw-0168,es,suv,ownership,"costo de mantenimiento Mazda CX-5",ownership,japan,p2,localized-from-ja-with-market-notes
kw-0169,es,suv-awd,spec,"especificaciones Subaru Forester",spec,japan,p2,localized-from-ja-with-market-notes
kw-0170,es,suv-awd,review,"reseña Subaru Forester",review,japan,p2,localized-from-ja-with-market-notes
kw-0171,es,suv-awd,compare,"Subaru Forester vs competidores",compare,japan,p2,localized-from-ja-with-market-notes
kw-0172,es,suv-awd,ownership,"costo de mantenimiento Subaru Forester",ownership,japan,p2,localized-from-ja-with-market-notes
kw-0173,es,kei-offroad,spec,"especificaciones Suzuki Jimny",spec,japan,p2,localized-from-ja-with-market-notes
kw-0174,es,kei-offroad,review,"reseña Suzuki Jimny",review,japan,p2,localized-from-ja-with-market-notes
kw-0175,es,kei-offroad,compare,"Suzuki Jimny vs competidores",compare,japan,p2,localized-from-ja-with-market-notes
kw-0176,es,kei-offroad,ownership,"costo de mantenimiento Suzuki Jimny",ownership,japan,p2,localized-from-ja-with-market-notes
kw-0177,es,minivan-awd,spec,"especificaciones Mitsubishi Delica D:5",spec,japan,p2,localized-from-ja-with-market-notes
kw-0178,es,minivan-awd,review,"reseña Mitsubishi Delica D:5",review,japan,p2,localized-from-ja-with-market-notes
kw-0179,es,minivan-awd,compare,"Mitsubishi Delica D:5 vs competidores",compare,japan,p2,localized-from-ja-with-market-notes
kw-0180,es,minivan-awd,ownership,"costo de mantenimiento Mitsubishi Delica D:5",ownership,japan,p2,localized-from-ja-with-market-notes
kw-0181,es,luxury-suv,spec,"especificaciones Lexus RX",spec,japan,p2,localized-from-ja-with-market-notes
kw-0182,es,luxury-suv,review,"reseña Lexus RX",review,japan,p2,localized-from-ja-with-market-notes
kw-0183,es,luxury-suv,compare,"Lexus RX vs competidores",compare,japan,p2,localized-from-ja-with-market-notes
kw-0184,es,luxury-suv,ownership,"costo de mantenimiento Lexus RX",ownership,japan,p2,localized-from-ja-with-market-notes
kw-0185,es,luxury-suv,spec,"especificaciones Lexus NX",spec,japan,p2,localized-from-ja-with-market-notes
kw-0186,es,luxury-suv,review,"reseña Lexus NX",review,japan,p2,localized-from-ja-with-market-notes
kw-0187,es,luxury-suv,compare,"Lexus NX vs competidores",compare,japan,p2,localized-from-ja-with-market-notes
kw-0188,es,luxury-suv,ownership,"costo de mantenimiento Lexus NX",ownership,japan,p2,localized-from-ja-with-market-notes
kw-0189,es,van,spec,"especificaciones Toyota HiAce",spec,japan,p2,localized-from-ja-with-market-notes
kw-0190,es,van,review,"reseña Toyota HiAce",review,japan,p2,localized-from-ja-with-market-notes
kw-0191,es,van,compare,"Toyota HiAce vs competidores",compare,japan,p2,localized-from-ja-with-market-notes
kw-0192,es,van,ownership,"costo de mantenimiento Toyota HiAce",ownership,japan,p2,localized-from-ja-with-market-notes
kw-0193,pt,c-segment-sedan,spec,"especificacoes Toyota Corolla",spec,japan,p2,localized-from-ja-with-market-notes
kw-0194,pt,c-segment-sedan,review,"avaliacao Toyota Corolla",review,japan,p2,localized-from-ja-with-market-notes
kw-0195,pt,c-segment-sedan,compare,"Toyota Corolla vs concorrentes",compare,japan,p2,localized-from-ja-with-market-notes
kw-0196,pt,c-segment-sedan,ownership,"custo de manutencao Toyota Corolla",ownership,japan,p2,localized-from-ja-with-market-notes
kw-0197,pt,hybrid,spec,"especificacoes Toyota Prius",spec,japan,p2,localized-from-ja-with-market-notes
kw-0198,pt,hybrid,review,"avaliacao Toyota Prius",review,japan,p2,localized-from-ja-with-market-notes
kw-0199,pt,hybrid,compare,"Toyota Prius vs concorrentes",compare,japan,p2,localized-from-ja-with-market-notes
kw-0200,pt,hybrid,ownership,"custo de manutencao Toyota Prius",ownership,japan,p2,localized-from-ja-with-market-notes
kw-0201,pt,minivan,spec,"especificacoes Toyota Alphard",spec,japan,p2,localized-from-ja-with-market-notes
kw-0202,pt,minivan,review,"avaliacao Toyota Alphard",review,japan,p2,localized-from-ja-with-market-notes
kw-0203,pt,minivan,compare,"Toyota Alphard vs concorrentes",compare,japan,p2,localized-from-ja-with-market-notes
kw-0204,pt,minivan,ownership,"custo de manutencao Toyota Alphard",ownership,japan,p2,localized-from-ja-with-market-notes
kw-0205,pt,suv-offroad,spec,"especificacoes Toyota Land Cruiser",spec,japan,p2,localized-from-ja-with-market-notes
kw-0206,pt,suv-offroad,review,"avaliacao Toyota Land Cruiser",review,japan,p2,localized-from-ja-with-market-notes
kw-0207,pt,suv-offroad,compare,"Toyota Land Cruiser vs concorrentes",compare,japan,p2,localized-from-ja-with-market-notes
kw-0208,pt,suv-offroad,ownership,"custo de manutencao Toyota Land Cruiser",ownership,japan,p2,localized-from-ja-with-market-notes
kw-0209,pt,c-segment-sedan,spec,"especificacoes Honda Civic",spec,japan,p2,localized-from-ja-with-market-notes
kw-0210,pt,c-segment-sedan,review,"avaliacao Honda Civic",review,japan,p2,localized-from-ja-with-market-notes
kw-0211,pt,c-segment-sedan,compare,"Honda Civic vs concorrentes",compare,japan,p2,localized-from-ja-with-market-notes
kw-0212,pt,c-segment-sedan,ownership,"custo de manutencao Honda Civic",ownership,japan,p2,localized-from-ja-with-market-notes
kw-0213,pt,kei,spec,"especificacoes Honda N-Box",spec,japan,p2,localized-from-ja-with-market-notes
kw-0214,pt,kei,review,"avaliacao Honda N-Box",review,japan,p2,localized-from-ja-with-market-notes
kw-0215,pt,kei,compare,"Honda N-Box vs concorrentes",compare,japan,p2,localized-from-ja-with-market-notes
kw-0216,pt,kei,ownership,"custo de manutencao Honda N-Box",ownership,japan,p2,localized-from-ja-with-market-notes
kw-0217,pt,minivan,spec,"especificacoes Honda Stepwgn",spec,japan,p2,localized-from-ja-with-market-notes
kw-0218,pt,minivan,review,"avaliacao Honda Stepwgn",review,japan,p2,localized-from-ja-with-market-notes
kw-0219,pt,minivan,compare,"Honda Stepwgn vs concorrentes",compare,japan,p2,localized-from-ja-with-market-notes
kw-0220,pt,minivan,ownership,"custo de manutencao Honda Stepwgn",ownership,japan,p2,localized-from-ja-with-market-notes
kw-0221,pt,minivan,spec,"especificacoes Nissan Serena",spec,japan,p2,localized-from-ja-with-market-notes
kw-0222,pt,minivan,review,"avaliacao Nissan Serena",review,japan,p2,localized-from-ja-with-market-notes
kw-0223,pt,minivan,compare,"Nissan Serena vs concorrentes",compare,japan,p2,localized-from-ja-with-market-notes
kw-0224,pt,minivan,ownership,"custo de manutencao Nissan Serena",ownership,japan,p2,localized-from-ja-with-market-notes
kw-0225,pt,suv,spec,"especificacoes Nissan X-Trail",spec,japan,p2,localized-from-ja-with-market-notes
kw-0226,pt,suv,review,"avaliacao Nissan X-Trail",review,japan,p2,localized-from-ja-with-market-notes
kw-0227,pt,suv,compare,"Nissan X-Trail vs concorrentes",compare,japan,p2,localized-from-ja-with-market-notes
kw-0228,pt,suv,ownership,"custo de manutencao Nissan X-Trail",ownership,japan,p2,localized-from-ja-with-market-notes
kw-0229,pt,suv,spec,"especificacoes Mazda CX-5",spec,japan,p2,localized-from-ja-with-market-notes
kw-0230,pt,suv,review,"avaliacao Mazda CX-5",review,japan,p2,localized-from-ja-with-market-notes
kw-0231,pt,suv,compare,"Mazda CX-5 vs concorrentes",compare,japan,p2,localized-from-ja-with-market-notes
kw-0232,pt,suv,ownership,"custo de manutencao Mazda CX-5",ownership,japan,p2,localized-from-ja-with-market-notes
kw-0233,pt,suv-awd,spec,"especificacoes Subaru Forester",spec,japan,p2,localized-from-ja-with-market-notes
kw-0234,pt,suv-awd,review,"avaliacao Subaru Forester",review,japan,p2,localized-from-ja-with-market-notes
kw-0235,pt,suv-awd,compare,"Subaru Forester vs concorrentes",compare,japan,p2,localized-from-ja-with-market-notes
kw-0236,pt,suv-awd,ownership,"custo de manutencao Subaru Forester",ownership,japan,p2,localized-from-ja-with-market-notes
kw-0237,pt,kei-offroad,spec,"especificacoes Suzuki Jimny",spec,japan,p2,localized-from-ja-with-market-notes
kw-0238,pt,kei-offroad,review,"avaliacao Suzuki Jimny",review,japan,p2,localized-from-ja-with-market-notes
kw-0239,pt,kei-offroad,compare,"Suzuki Jimny vs concorrentes",compare,japan,p2,localized-from-ja-with-market-notes
kw-0240,pt,kei-offroad,ownership,"custo de manutencao Suzuki Jimny",ownership,japan,p2,localized-from-ja-with-market-notes
kw-0241,pt,minivan-awd,spec,"especificacoes Mitsubishi Delica D:5",spec,japan,p2,localized-from-ja-with-market-notes
kw-0242,pt,minivan-awd,review,"avaliacao Mitsubishi Delica D:5",review,japan,p2,localized-from-ja-with-market-notes
kw-0243,pt,minivan-awd,compare,"Mitsubishi Delica D:5 vs concorrentes",compare,japan,p2,localized-from-ja-with-market-notes
kw-0244,pt,minivan-awd,ownership,"custo de manutencao Mitsubishi Delica D:5",ownership,japan,p2,localized-from-ja-with-market-notes
kw-0245,pt,luxury-suv,spec,"especificacoes Lexus RX",spec,japan,p2,localized-from-ja-with-market-notes
kw-0246,pt,luxury-suv,review,"avaliacao Lexus RX",review,japan,p2,localized-from-ja-with-market-notes
kw-0247,pt,luxury-suv,compare,"Lexus RX vs concorrentes",compare,japan,p2,localized-from-ja-with-market-notes
kw-0248,pt,luxury-suv,ownership,"custo de manutencao Lexus RX",ownership,japan,p2,localized-from-ja-with-market-notes
kw-0249,pt,luxury-suv,spec,"especificacoes Lexus NX",spec,japan,p2,localized-from-ja-with-market-notes
kw-0250,pt,luxury-suv,review,"avaliacao Lexus NX",review,japan,p2,localized-from-ja-with-market-notes
kw-0251,pt,luxury-suv,compare,"Lexus NX vs concorrentes",compare,japan,p2,localized-from-ja-with-market-notes
kw-0252,pt,luxury-suv,ownership,"custo de manutencao Lexus NX",ownership,japan,p2,localized-from-ja-with-market-notes
kw-0253,pt,van,spec,"especificacoes Toyota HiAce",spec,japan,p2,localized-from-ja-with-market-notes
kw-0254,pt,van,review,"avaliacao Toyota HiAce",review,japan,p2,localized-from-ja-with-market-notes
kw-0255,pt,van,compare,"Toyota HiAce vs concorrentes",compare,japan,p2,localized-from-ja-with-market-notes
kw-0256,pt,van,ownership,"custo de manutencao Toyota HiAce",ownership,japan,p2,localized-from-ja-with-market-notes
kw-0257,de,c-segment-sedan,spec,"Toyota Corolla technische daten",spec,japan,p3,localized-from-ja-with-market-notes
kw-0258,de,c-segment-sedan,review,"Toyota Corolla testbericht",review,japan,p3,localized-from-ja-with-market-notes
kw-0259,de,c-segment-sedan,compare,"Toyota Corolla vergleich",compare,japan,p3,localized-from-ja-with-market-notes
kw-0260,de,c-segment-sedan,ownership,"Toyota Corolla unterhaltskosten",ownership,japan,p3,localized-from-ja-with-market-notes
kw-0261,de,hybrid,spec,"Toyota Prius technische daten",spec,japan,p3,localized-from-ja-with-market-notes
kw-0262,de,hybrid,review,"Toyota Prius testbericht",review,japan,p3,localized-from-ja-with-market-notes
kw-0263,de,hybrid,compare,"Toyota Prius vergleich",compare,japan,p3,localized-from-ja-with-market-notes
kw-0264,de,hybrid,ownership,"Toyota Prius unterhaltskosten",ownership,japan,p3,localized-from-ja-with-market-notes
kw-0265,de,minivan,spec,"Toyota Alphard technische daten",spec,japan,p3,localized-from-ja-with-market-notes
kw-0266,de,minivan,review,"Toyota Alphard testbericht",review,japan,p3,localized-from-ja-with-market-notes
kw-0267,de,minivan,compare,"Toyota Alphard vergleich",compare,japan,p3,localized-from-ja-with-market-notes
kw-0268,de,minivan,ownership,"Toyota Alphard unterhaltskosten",ownership,japan,p3,localized-from-ja-with-market-notes
kw-0269,de,suv-offroad,spec,"Toyota Land Cruiser technische daten",spec,japan,p3,localized-from-ja-with-market-notes
kw-0270,de,suv-offroad,review,"Toyota Land Cruiser testbericht",review,japan,p3,localized-from-ja-with-market-notes
kw-0271,de,suv-offroad,compare,"Toyota Land Cruiser vergleich",compare,japan,p3,localized-from-ja-with-market-notes
kw-0272,de,suv-offroad,ownership,"Toyota Land Cruiser unterhaltskosten",ownership,japan,p3,localized-from-ja-with-market-notes
kw-0273,de,c-segment-sedan,spec,"Honda Civic technische daten",spec,japan,p3,localized-from-ja-with-market-notes
kw-0274,de,c-segment-sedan,review,"Honda Civic testbericht",review,japan,p3,localized-from-ja-with-market-notes
kw-0275,de,c-segment-sedan,compare,"Honda Civic vergleich",compare,japan,p3,localized-from-ja-with-market-notes
kw-0276,de,c-segment-sedan,ownership,"Honda Civic unterhaltskosten",ownership,japan,p3,localized-from-ja-with-market-notes
kw-0277,de,kei,spec,"Honda N-Box technische daten",spec,japan,p3,localized-from-ja-with-market-notes
kw-0278,de,kei,review,"Honda N-Box testbericht",review,japan,p3,localized-from-ja-with-market-notes
kw-0279,de,kei,compare,"Honda N-Box vergleich",compare,japan,p3,localized-from-ja-with-market-notes
kw-0280,de,kei,ownership,"Honda N-Box unterhaltskosten",ownership,japan,p3,localized-from-ja-with-market-notes
kw-0281,de,minivan,spec,"Honda Stepwgn technische daten",spec,japan,p3,localized-from-ja-with-market-notes
kw-0282,de,minivan,review,"Honda Stepwgn testbericht",review,japan,p3,localized-from-ja-with-market-notes
kw-0283,de,minivan,compare,"Honda Stepwgn vergleich",compare,japan,p3,localized-from-ja-with-market-notes
kw-0284,de,minivan,ownership,"Honda Stepwgn unterhaltskosten",ownership,japan,p3,localized-from-ja-with-market-notes
kw-0285,de,minivan,spec,"Nissan Serena technische daten",spec,japan,p3,localized-from-ja-with-market-notes
kw-0286,de,minivan,review,"Nissan Serena testbericht",review,japan,p3,localized-from-ja-with-market-notes
kw-0287,de,minivan,compare,"Nissan Serena vergleich",compare,japan,p3,localized-from-ja-with-market-notes
kw-0288,de,minivan,ownership,"Nissan Serena unterhaltskosten",ownership,japan,p3,localized-from-ja-with-market-notes
kw-0289,de,suv,spec,"Nissan X-Trail technische daten",spec,japan,p3,localized-from-ja-with-market-notes
kw-0290,de,suv,review,"Nissan X-Trail testbericht",review,japan,p3,localized-from-ja-with-market-notes
kw-0291,de,suv,compare,"Nissan X-Trail vergleich",compare,japan,p3,localized-from-ja-with-market-notes
kw-0292,de,suv,ownership,"Nissan X-Trail unterhaltskosten",ownership,japan,p3,localized-from-ja-with-market-notes
kw-0293,de,suv,spec,"Mazda CX-5 technische daten",spec,japan,p3,localized-from-ja-with-market-notes
kw-0294,de,suv,review,"Mazda CX-5 testbericht",review,japan,p3,localized-from-ja-with-market-notes
kw-0295,de,suv,compare,"Mazda CX-5 vergleich",compare,japan,p3,localized-from-ja-with-market-notes
kw-0296,de,suv,ownership,"Mazda CX-5 unterhaltskosten",ownership,japan,p3,localized-from-ja-with-market-notes
kw-0297,de,suv-awd,spec,"Subaru Forester technische daten",spec,japan,p3,localized-from-ja-with-market-notes
kw-0298,de,suv-awd,review,"Subaru Forester testbericht",review,japan,p3,localized-from-ja-with-market-notes
kw-0299,de,suv-awd,compare,"Subaru Forester vergleich",compare,japan,p3,localized-from-ja-with-market-notes
kw-0300,de,suv-awd,ownership,"Subaru Forester unterhaltskosten",ownership,japan,p3,localized-from-ja-with-market-notes
kw-0301,de,kei-offroad,spec,"Suzuki Jimny technische daten",spec,japan,p3,localized-from-ja-with-market-notes
kw-0302,de,kei-offroad,review,"Suzuki Jimny testbericht",review,japan,p3,localized-from-ja-with-market-notes
kw-0303,de,kei-offroad,compare,"Suzuki Jimny vergleich",compare,japan,p3,localized-from-ja-with-market-notes
kw-0304,de,kei-offroad,ownership,"Suzuki Jimny unterhaltskosten",ownership,japan,p3,localized-from-ja-with-market-notes
kw-0305,de,minivan-awd,spec,"Mitsubishi Delica D:5 technische daten",spec,japan,p3,localized-from-ja-with-market-notes
kw-0306,de,minivan-awd,review,"Mitsubishi Delica D:5 testbericht",review,japan,p3,localized-from-ja-with-market-notes
kw-0307,de,minivan-awd,compare,"Mitsubishi Delica D:5 vergleich",compare,japan,p3,localized-from-ja-with-market-notes
kw-0308,de,minivan-awd,ownership,"Mitsubishi Delica D:5 unterhaltskosten",ownership,japan,p3,localized-from-ja-with-market-notes
kw-0309,de,luxury-suv,spec,"Lexus RX technische daten",spec,japan,p3,localized-from-ja-with-market-notes
kw-0310,de,luxury-suv,review,"Lexus RX testbericht",review,japan,p3,localized-from-ja-with-market-notes
kw-0311,de,luxury-suv,compare,"Lexus RX vergleich",compare,japan,p3,localized-from-ja-with-market-notes
kw-0312,de,luxury-suv,ownership,"Lexus RX unterhaltskosten",ownership,japan,p3,localized-from-ja-with-market-notes
kw-0313,de,luxury-suv,spec,"Lexus NX technische daten",spec,japan,p3,localized-from-ja-with-market-notes
kw-0314,de,luxury-suv,review,"Lexus NX testbericht",review,japan,p3,localized-from-ja-with-market-notes
kw-0315,de,luxury-suv,compare,"Lexus NX vergleich",compare,japan,p3,localized-from-ja-with-market-notes
kw-0316,de,luxury-suv,ownership,"Lexus NX unterhaltskosten",ownership,japan,p3,localized-from-ja-with-market-notes
kw-0317,de,van,spec,"Toyota HiAce technische daten",spec,japan,p3,localized-from-ja-with-market-notes
kw-0318,de,van,review,"Toyota HiAce testbericht",review,japan,p3,localized-from-ja-with-market-notes
kw-0319,de,van,compare,"Toyota HiAce vergleich",compare,japan,p3,localized-from-ja-with-market-notes
kw-0320,de,van,ownership,"Toyota HiAce unterhaltskosten",ownership,japan,p3,localized-from-ja-with-market-notes
kw-0321,fr,c-segment-sedan,spec,"fiche technique Toyota Corolla",spec,japan,p3,localized-from-ja-with-market-notes
kw-0322,fr,c-segment-sedan,review,"essai Toyota Corolla",review,japan,p3,localized-from-ja-with-market-notes
kw-0323,fr,c-segment-sedan,compare,"Toyota Corolla comparaison",compare,japan,p3,localized-from-ja-with-market-notes
kw-0324,fr,c-segment-sedan,ownership,"cout entretien Toyota Corolla",ownership,japan,p3,localized-from-ja-with-market-notes
kw-0325,fr,hybrid,spec,"fiche technique Toyota Prius",spec,japan,p3,localized-from-ja-with-market-notes
kw-0326,fr,hybrid,review,"essai Toyota Prius",review,japan,p3,localized-from-ja-with-market-notes
kw-0327,fr,hybrid,compare,"Toyota Prius comparaison",compare,japan,p3,localized-from-ja-with-market-notes
kw-0328,fr,hybrid,ownership,"cout entretien Toyota Prius",ownership,japan,p3,localized-from-ja-with-market-notes
kw-0329,fr,minivan,spec,"fiche technique Toyota Alphard",spec,japan,p3,localized-from-ja-with-market-notes
kw-0330,fr,minivan,review,"essai Toyota Alphard",review,japan,p3,localized-from-ja-with-market-notes
kw-0331,fr,minivan,compare,"Toyota Alphard comparaison",compare,japan,p3,localized-from-ja-with-market-notes
kw-0332,fr,minivan,ownership,"cout entretien Toyota Alphard",ownership,japan,p3,localized-from-ja-with-market-notes
kw-0333,fr,suv-offroad,spec,"fiche technique Toyota Land Cruiser",spec,japan,p3,localized-from-ja-with-market-notes
kw-0334,fr,suv-offroad,review,"essai Toyota Land Cruiser",review,japan,p3,localized-from-ja-with-market-notes
kw-0335,fr,suv-offroad,compare,"Toyota Land Cruiser comparaison",compare,japan,p3,localized-from-ja-with-market-notes
kw-0336,fr,suv-offroad,ownership,"cout entretien Toyota Land Cruiser",ownership,japan,p3,localized-from-ja-with-market-notes
kw-0337,fr,c-segment-sedan,spec,"fiche technique Honda Civic",spec,japan,p3,localized-from-ja-with-market-notes
kw-0338,fr,c-segment-sedan,review,"essai Honda Civic",review,japan,p3,localized-from-ja-with-market-notes
kw-0339,fr,c-segment-sedan,compare,"Honda Civic comparaison",compare,japan,p3,localized-from-ja-with-market-notes
kw-0340,fr,c-segment-sedan,ownership,"cout entretien Honda Civic",ownership,japan,p3,localized-from-ja-with-market-notes
kw-0341,fr,kei,spec,"fiche technique Honda N-Box",spec,japan,p3,localized-from-ja-with-market-notes
kw-0342,fr,kei,review,"essai Honda N-Box",review,japan,p3,localized-from-ja-with-market-notes
kw-0343,fr,kei,compare,"Honda N-Box comparaison",compare,japan,p3,localized-from-ja-with-market-notes
kw-0344,fr,kei,ownership,"cout entretien Honda N-Box",ownership,japan,p3,localized-from-ja-with-market-notes
kw-0345,fr,minivan,spec,"fiche technique Honda Stepwgn",spec,japan,p3,localized-from-ja-with-market-notes
kw-0346,fr,minivan,review,"essai Honda Stepwgn",review,japan,p3,localized-from-ja-with-market-notes
kw-0347,fr,minivan,compare,"Honda Stepwgn comparaison",compare,japan,p3,localized-from-ja-with-market-notes
kw-0348,fr,minivan,ownership,"cout entretien Honda Stepwgn",ownership,japan,p3,localized-from-ja-with-market-notes
kw-0349,fr,minivan,spec,"fiche technique Nissan Serena",spec,japan,p3,localized-from-ja-with-market-notes
kw-0350,fr,minivan,review,"essai Nissan Serena",review,japan,p3,localized-from-ja-with-market-notes
kw-0351,fr,minivan,compare,"Nissan Serena comparaison",compare,japan,p3,localized-from-ja-with-market-notes
kw-0352,fr,minivan,ownership,"cout entretien Nissan Serena",ownership,japan,p3,localized-from-ja-with-market-notes
kw-0353,fr,suv,spec,"fiche technique Nissan X-Trail",spec,japan,p3,localized-from-ja-with-market-notes
kw-0354,fr,suv,review,"essai Nissan X-Trail",review,japan,p3,localized-from-ja-with-market-notes
kw-0355,fr,suv,compare,"Nissan X-Trail comparaison",compare,japan,p3,localized-from-ja-with-market-notes
kw-0356,fr,suv,ownership,"cout entretien Nissan X-Trail",ownership,japan,p3,localized-from-ja-with-market-notes
kw-0357,fr,suv,spec,"fiche technique Mazda CX-5",spec,japan,p3,localized-from-ja-with-market-notes
kw-0358,fr,suv,review,"essai Mazda CX-5",review,japan,p3,localized-from-ja-with-market-notes
kw-0359,fr,suv,compare,"Mazda CX-5 comparaison",compare,japan,p3,localized-from-ja-with-market-notes
kw-0360,fr,suv,ownership,"cout entretien Mazda CX-5",ownership,japan,p3,localized-from-ja-with-market-notes
kw-0361,fr,suv-awd,spec,"fiche technique Subaru Forester",spec,japan,p3,localized-from-ja-with-market-notes
kw-0362,fr,suv-awd,review,"essai Subaru Forester",review,japan,p3,localized-from-ja-with-market-notes
kw-0363,fr,suv-awd,compare,"Subaru Forester comparaison",compare,japan,p3,localized-from-ja-with-market-notes
kw-0364,fr,suv-awd,ownership,"cout entretien Subaru Forester",ownership,japan,p3,localized-from-ja-with-market-notes
kw-0365,fr,kei-offroad,spec,"fiche technique Suzuki Jimny",spec,japan,p3,localized-from-ja-with-market-notes
kw-0366,fr,kei-offroad,review,"essai Suzuki Jimny",review,japan,p3,localized-from-ja-with-market-notes
kw-0367,fr,kei-offroad,compare,"Suzuki Jimny comparaison",compare,japan,p3,localized-from-ja-with-market-notes
kw-0368,fr,kei-offroad,ownership,"cout entretien Suzuki Jimny",ownership,japan,p3,localized-from-ja-with-market-notes
kw-0369,fr,minivan-awd,spec,"fiche technique Mitsubishi Delica D:5",spec,japan,p3,localized-from-ja-with-market-notes
kw-0370,fr,minivan-awd,review,"essai Mitsubishi Delica D:5",review,japan,p3,localized-from-ja-with-market-notes
kw-0371,fr,minivan-awd,compare,"Mitsubishi Delica D:5 comparaison",compare,japan,p3,localized-from-ja-with-market-notes
kw-0372,fr,minivan-awd,ownership,"cout entretien Mitsubishi Delica D:5",ownership,japan,p3,localized-from-ja-with-market-notes
kw-0373,fr,luxury-suv,spec,"fiche technique Lexus RX",spec,japan,p3,localized-from-ja-with-market-notes
kw-0374,fr,luxury-suv,review,"essai Lexus RX",review,japan,p3,localized-from-ja-with-market-notes
kw-0375,fr,luxury-suv,compare,"Lexus RX comparaison",compare,japan,p3,localized-from-ja-with-market-notes
kw-0376,fr,luxury-suv,ownership,"cout entretien Lexus RX",ownership,japan,p3,localized-from-ja-with-market-notes
kw-0377,fr,luxury-suv,spec,"fiche technique Lexus NX",spec,japan,p3,localized-from-ja-with-market-notes
kw-0378,fr,luxury-suv,review,"essai Lexus NX",review,japan,p3,localized-from-ja-with-market-notes
kw-0379,fr,luxury-suv,compare,"Lexus NX comparaison",compare,japan,p3,localized-from-ja-with-market-notes
kw-0380,fr,luxury-suv,ownership,"cout entretien Lexus NX",ownership,japan,p3,localized-from-ja-with-market-notes
kw-0381,fr,van,spec,"fiche technique Toyota HiAce",spec,japan,p3,localized-from-ja-with-market-notes
kw-0382,fr,van,review,"essai Toyota HiAce",review,japan,p3,localized-from-ja-with-market-notes
kw-0383,fr,van,compare,"Toyota HiAce comparaison",compare,japan,p3,localized-from-ja-with-market-notes
kw-0384,fr,van,ownership,"cout entretien Toyota HiAce",ownership,japan,p3,localized-from-ja-with-market-notes
